id,name,host_id,host_name,neighbourhood_group,neighbourhood,latitude,longitude,room_type,price,minimum_nights,number_of_reviews,last_review,reviews_per_month,calculated_host_listings_count,availability_365,number_of_reviews_ltm,license
1489424,"Welcoming, easygoing, comfy bed, entire level",5294164,Efrat,,FOURTEENTH WARD,42.66719,-73.8158,Private room,50,1,242,2024-02-10,1.91,1,0,48,
2992450,Luxury 2 bedroom apartment,4621559,Kenneth,,THIRD WARD,42.65789,-73.7537,Entire home/apt,70,28,9,2022-08-17,0.08,1,349,0,
3820211,Restored Precinct in Center Sq. w/Parking,19648678,Terra,,SIXTH WARD,42.65222,-73.76724,Entire home/apt,125,2,291,2023-11-19,2.52,4,357,8,
5651579,Large studio apt  by Capital Center & ESP@,29288920,Gregg,,SECOND WARD,42.64615,-73.75966,Entire home/apt,68,2,333,2024-02-01,3.12,2,148,28,
6623339,Center Sq. Loft in Converted Precinct w/ Parking,19648678,Terra,,SIXTH WARD,42.65222,-73.76724,Entire home/apt,140,1,306,2023-12-26,2.89,4,0,5,
7563949,Rest or work in peace | Garden | Wifi | Kitchen,39656001,Urbangem,,SECOND WARD,42.64484,-73.75851,Private room,,1,37,2023-02-19,0.40,6,365,1,
8035768,Entire Beautiful French Victorian 1884,42430824,John M,,TENTH WARD,42.66088,-73.78147,Entire home/apt,305,2,56,2024-01-28,0.54,2,362,5,
8035784,Delightful French Victorian,42430824,John M,,TENTH WARD,42.66063,-73.78115,Private room,199,3,18,2020-07-25,0.18,2,176,0,
8915877,"Charming 1BR State Capitol, downtwn",46312980,Robert,,SECOND WARD,42.64603,-73.75986,Entire home/apt,86,3,226,2023-09-18,2.23,1,347,2,
9005989,"Studio in The heart of Center SQ, in Albany NY",17766924,Sugey,,SIXTH WARD,42.65559,-73.76506,Entire home/apt,86,1,577,2024-01-28,6.30,1,0,39,
9501054,Spacious suite with full bath by Capital  Center,29288920,Gregg,,SECOND WARD,42.64734,-73.75851,Private room,61,2,365,2024-01-22,3.73,2,157,38,
10768745,Alb hospital area studio bath wifi. (Red),5691268,Elizabeth,,FOURTEENTH WARD,42.66078,-73.80553,Entire home/apt,50,1,623,2024-01-29,6.37,2,157,94,
11253948,/Fire Place Bungalow\ 1917 SUNY Eagle 6Beds 2Baths,4259750,Peter,,FIFTEENTH WARD,42.67567,-73.82438,Entire home/apt,218,1,142,2024-01-21,1.51,9,0,21,
11639446,$50twin($30 foreign student)FreeBF Noa/c no smoke,61700428,Adam,,ELEVENTH WARD,42.67583,-73.78297,Private room,47,1,229,2023-12-17,2.44,2,0,14,
12284708,"Well Lit Modern Room, Perfect Location Albany",36438637,Chad,,TENTH WARD,42.65912,-73.78349,Private room,45,10,61,2019-10-26,0.65,4,257,0,
12799126,Private Room in the Hearth of the Albany,69729286,Musab,,SIXTH WARD,42.65154,-73.76867,Private room,50,5,28,2024-02-06,0.66,2,360,7,
13083497,Pristine Cape Cod on the Creek! 4 Large Bedrooms,1364123,Akhilesh,,FIFTEENTH WARD,42.66972,-73.82753,Entire home/apt,219,2,174,2024-01-06,1.87,1,291,16,
14316232,"Unique Modern Room, Perfect Location Albany",36438637,Chad,,TENTH WARD,42.65726,-73.78219,Private room,45,10,48,2024-01-07,0.52,4,287,4,
14989805,/Miller Colonial\ 1946 SUNY Eagle Hill 5Bed 2Baths,4259750,Peter,,FIFTEENTH WARD,42.673512,-73.819679,Entire home/apt,777,1,85,2024-01-28,0.96,9,356,22,
15580397,Albany Med/Dwtn Albany/Colleges/BLUE RM/ Share,89705052,Share,,NINTH WARD,42.65651,-73.77887,Private room,55,2,38,2023-10-12,0.46,3,75,6,
16531782,On a little park in Albany pine hills. (Blue),5691268,Elizabeth,,FOURTEENTH WARD,42.66075,-73.80605,Entire home/apt,70,1,345,2024-01-28,7.62,2,296,114,
17238066,"$48($25 foreign student)Twin, noa/cno
Smoke freeBF",61700428,Adam,,FIFTH WARD,42.67614,-73.78169,Private room,44,3,130,2023-09-11,1.57,2,365,2,
17514620,Cozy Modern Room Perfect Location Albany,36438637,Chad,,TENTH WARD,42.6584,-73.78309,Private room,45,10,53,2024-01-30,0.63,4,360,7,
17552120,Comfy space in lovely home (Master/Lilac Bedroom),20738797,Aaron,,FOURTEENTH WARD,42.65729,-73.80321,Private room,,1,32,2023-12-07,0.39,1,0,1,
18341426,/Sauna Ranch 1961\ SUNY Eagle Hill 4Beds 1Bath,4259750,Peter,,FIFTEENTH WARD,42.67637,-73.82395,Entire home/apt,306,1,57,2022-06-26,0.79,9,365,0,
19527043,Charming 1 Bedroom in a Historic Residential Home,15223767,Ed,,NINTH WARD,42.65312,-73.78161,Private room,70,1,71,2023-10-22,1.09,3,246,21,
19571496,Modern Studio Perfect Location Albany,36438637,Chad,,TENTH WARD,42.6585,-73.78414,Private room,50,10,26,2023-12-01,0.38,4,360,2,
19663012,Garden Facing Room | Wifi | Shared Kitchen,39656001,Urbangem,,SECOND WARD,42.6436,-73.75887,Private room,,1,17,2021-08-28,0.21,6,177,0,
20138691,Sparkling Clean Room In A Lovely Home In Albany,67171774,Michael And Flerida,,FOURTEENTH WARD,42.65846,-73.80201,Private room,60,4,19,2020-07-03,0.26,6,356,0,
20212108,A Peaceful suite 10ppl w/Yard Near Mansion and MVP,39656001,Urbangem,,SECOND WARD,42.64355,-73.75712,Private room,,2,5,2023-01-28,0.09,6,179,0,
20518708,KingBedMemory Foam W/TV Desk&AC LovelyHomeInAlbany,67171774,Michael And Flerida,,FOURTEENTH WARD,42.65846,-73.80201,Private room,80,4,12,2020-03-04,0.21,6,356,0,
20519453,PeaceAndTranquility QueenBedTvAcDesk BigCloset,67171774,Michael And Flerida,,FOURTEENTH WARD,42.65846,-73.80201,Private room,80,4,16,2020-04-24,0.22,6,356,0,
20519722,QueenBedW/TVDeskAC SuperCleanAndQuietIn Albany,67171774,Michael And Flerida,,FOURTEENTH WARD,42.65846,-73.80201,Private room,80,4,8,2020-08-12,0.12,6,356,0,
20519807,AllThe ComfortsOfHome TVDeskAC inThisLovelyHome,67171774,Michael And Flerida,,FOURTEENTH WARD,42.65846,-73.80201,Private room,60,4,32,2020-07-08,0.44,6,44,0,
20519885,30%OffMonthlyStays BusinessOrFamily InAlbany,67171774,Michael And Flerida,,FOURTEENTH WARD,42.65846,-73.80201,Entire home/apt,275,4,91,2024-02-02,1.19,6,356,20,
20620135,/Red Warhol Ranch\ 1959 SUNY Eagle Hill 4beds1Bath,4259750,Peter,,FIFTEENTH WARD,42.675,-73.82382,Entire home/apt,196,1,55,2022-12-31,0.71,9,228,0,
20633175,"Garden Apartment, on the Park, close to Capital.",65414985,James,,SEVENTH WARD,42.64939,-73.76865,Entire home/apt,126,2,130,2023-05-28,1.81,2,282,2,
20671966,The Metropolitan,98744672,Bela,,NINTH WARD,42.65532,-73.78244,Entire home/apt,85,2,39,2023-06-01,0.50,8,186,1,
21052414,Cozy bedroom with (2) walk-in closets,135717458,Chad,,THIRTEENTH WARD,42.66565,-73.77975,Private room,40,10,40,2023-12-08,0.58,3,312,5,
21392315,The Blair Suite,98744672,Bela,,NINTH WARD,42.65372,-73.78244,Entire home/apt,65,2,110,2024-01-01,1.45,8,322,13,
21449583,/zBig Blue Ranch\ 1962 SUNY Eagle Hill 4Beds 2Bath,4259750,Peter,,FIFTEENTH WARD,42.67547,-73.82402,Entire home/apt,570,4,8,2018-07-27,0.11,9,365,0,
21752534,"NEW LISTING! Modern, completely updated, LOCATION!",152762198,Allen,,TENTH WARD,42.66045,-73.77833,Entire home/apt,73,3,154,2024-01-20,2.03,8,354,12,
21769213,Cozy downstairs bedroom in quiet neighborhood!,135717458,Chad,,ELEVENTH WARD,42.66572,-73.77834,Private room,35,10,23,2024-01-27,0.31,3,248,5,
21769439,Cozy upstairs room with (1) walk-in closet,135717458,Chad,,ELEVENTH WARD,42.66703,-73.77842,Private room,35,10,21,2023-09-02,0.28,3,0,3,
22398196,Elegant Guest Suite in our beautiful Victorian!,98744672,Bela,,NINTH WARD,42.65501,-73.78122,Private room,55,2,105,2024-01-11,1.42,8,284,19,
22431640,"Bright Central Apartment Near Hospital, Park and",108848737,Jake,,SEVENTH WARD,42.64717,-73.77135,Entire home/apt,81,1,430,2024-02-04,6.09,2,43,29,
24120690,One Bedroom apartment with private entrance,156446839,Domini,,FOURTEENTH WARD,42.65975,-73.81196,Private room,75,2,120,2024-02-02,1.69,1,0,24,
24606880,The Western Suite,98744672,Bela,,NINTH WARD,42.65431,-73.78178,Private room,60,2,39,2023-09-25,0.60,8,288,3,
24655782,‚≠ê‚≠êCheck it out! This apartmnt has a bunch of great,108848737,Jake,,SEVENTH WARD,42.6477,-73.7714,Entire home/apt,78,1,355,2024-01-01,5.04,2,0,45,
25549565,Quiet and Pretty in the Heart of Center Square,9666970,Janet,,SIXTH WARD,42.65345,-73.7645,Entire home/apt,65,1,770,2024-02-10,11.12,1,0,131,
25976514,City Feel - Green Room,31757246,Leiba,,SIXTH WARD,42.65333,-73.77293,Private room,100,3,12,2023-07-27,0.18,1,359,1,
26139592,Garden Apartment in Ctr. Square: Monthly Discounts,6833937,Farah,,SIXTH WARD,42.65403,-73.76325,Entire home/apt,89,2,107,2024-02-01,1.59,1,0,10,
27670660,The Rock & Roll Suite,98744672,Bela,,NINTH WARD,42.6543083190918,-73.78177642822266,Private room,55,2,21,2023-09-10,0.35,8,328,16,
27692601,Albany Cozy home with fireplaces and Sunroom,202580880,Rosanne,,EIGHTH WARD,42.64514,-73.80668,Entire home/apt,,3,14,2022-10-08,0.22,1,179,0,
28341274,Private room in historic building on the park,54394342,Alice,,SIXTH WARD,42.65821,-73.76917,Private room,75,1,60,2024-01-30,0.91,1,288,20,
28400263,Private Room in Historic Residential Home,15223767,Ed,,NINTH WARD,42.65464,-73.78348,Private room,50,1,242,2024-02-01,3.79,3,241,29,
28519423,Alb Med/Dwtn Alb/Colleges/RED RM.  Share,89705052,Share,,TENTH WARD,42.65746,-73.77904,Private room,55,2,59,2024-02-02,0.91,3,77,15,
28722270,‚úçHistoric Loft Suite @ Downtown Albany,44434571,Earl,,SECOND WARD,42.64535,-73.75365,Entire home/apt,80,1,610,2024-02-09,9.59,6,0,37,
28868857,‚≠êCozy Garden Suite Full Amenities @Downtown Albany,44434571,Earl,,SECOND WARD,42.64535,-73.75365,Entire home/apt,65,1,534,2024-02-06,8.48,6,316,73,
28929840,"Capital Connection:
Upscale spacious private suite",194113768,Rachel,,FOURTH WARD,42.6737,-73.75313,Private room,95,1,6,2023-05-27,0.09,1,178,1,
29605579,Funky Urban 1 Bedroom Apt w/ Parking in Center Sq,19648678,Terra,,SIXTH WARD,42.65235,-73.76714,Entire home/apt,120,2,88,2023-09-04,1.37,4,320,8,
30189794,Seashore Suite At The Inn on South Lake,98744672,Bela,,NINTH WARD,42.6533,-73.78114,Private room,55,2,63,2023-12-30,1.03,8,0,12,
31210362,Nest in Hazel,160340958,Jon,,FIFTEENTH WARD,42.67519,-73.82281,Private room,39,2,27,2023-05-14,0.44,1,354,1,
32279028,"Cosy, comfy and quiet for one",172223381,Diana,,EIGHTH WARD,42.64936,-73.80278,Private room,,1,194,2024-01-25,3.20,2,0,40,
32450400,Moroccan Sands,97330032,Sherrell,,FOURTH WARD,42.6761,-73.73825,Private room,122,3,0,,,1,179,0,
32993402,‚ú®Historic Full Amenities 2BR Apt @Downtown Albany,44434571,Earl,,SECOND WARD,42.64563,-73.75311,Entire home/apt,106,1,404,2023-12-26,6.76,6,194,35,
33558235,"‚ù£Ô∏èHistoric, Spacious & Fun 2BR Apt @Dwtown Albany",44434571,Earl,,SECOND WARD,42.64585,-73.75297,Entire home/apt,108,1,395,2023-12-01,6.73,6,322,45,
34330970,Muhammed Ali Lounge & Pool Hall ‚¨¢‚¨°,232967878,Diana,,SECOND WARD,42.64335,-73.7579,Entire home/apt,142,1,245,2024-01-28,4.29,19,0,54,
35793179,Cozy Bedroom in Historic Residential Home,15223767,Ed,,SEVENTH WARD,42.65259,-73.78223,Private room,50,1,149,2023-12-12,2.66,3,236,48,
35914565,The Poker Room ‚ô§ Downtown Albany,232967878,Diana,,SECOND WARD,42.64506,-73.75727,Entire home/apt,101,1,255,2024-01-15,4.54,19,73,53,
36443605,"Sophisticated, Chic 2BR in the heart of Albany",188679144,Elizabeth,,THIRTEENTH WARD,42.66619,-73.79031,Entire home/apt,,2,50,2023-09-15,0.90,8,363,3,
38321579,Comfy and quiet,172223381,Diana,,EIGHTH WARD,42.65085,-73.80239,Private room,55,1,288,2024-02-08,5.34,2,132,97,
39093517,Secure 5-Star Oasis with Purified Air & Parking,299638115,Dominick,,SIXTH WARD,42.65507,-73.76138,Entire home/apt,151,4,36,2023-08-25,0.71,3,357,2,
39698576,Huge Designer 1 bed close to Albany Med,188679144,Elizabeth,,NINTH WARD,42.65483,-73.78033,Entire home/apt,85,5,23,2023-09-22,0.44,8,365,1,
39836487,Completely Renovated Center Square Top FL Studio,306508346,Adem,,SIXTH WARD,42.65547,-73.7651,Entire home/apt,78,1,244,2024-02-04,4.69,2,65,71,
39864828,Stunning Bungalo-style Loft in downtown Albany,10313615,Matthew,,FOURTH WARD,42.66091,-73.74285,Entire home/apt,217,1,221,2023-10-20,4.43,1,257,28,
39873571,Lovely 2 bedroom apartment in downtown Albany.,306508346,Adem,,THIRD WARD,42.65682,-73.76298,Entire home/apt,78,1,139,2023-08-30,6.88,2,156,59,
40491172,"Renovated, private parking,location, washer dryer!",152762198,Allen,,THIRTEENTH WARD,42.66827,-73.79231,Entire home/apt,96,3,100,2024-01-13,1.96,8,332,19,
40828178,Comfortable! One Bedroom A/C Apartment Queen Bed,47491906,Lloyd,,FOURTH WARD,42.67773,-73.73899,Entire home/apt,111,1,166,2023-08-07,3.34,1,203,4,
41319631,Modern Carriage in the Heart of Albany,59864591,Daniel,,SIXTH WARD,42.65115,-73.7668,Entire home/apt,92,30,4,2023-01-06,0.11,1,11,0,
42009788,Chic & Stylish 2BR with separate entrance downtown,188679144,Elizabeth,,SIXTH WARD,42.65315,-73.76202,Entire home/apt,110,7,22,2023-12-30,0.45,8,356,7,
42092736,Private Bedroom in Cozy Ranch Home,41400541,John,,FOURTEENTH WARD,42.66403,-73.81446,Private room,45,1,132,2024-01-28,2.72,1,160,47,
42391372,Central Albany Apartment: Walk to State Capitol!,121680792,Evolve,,SECOND WARD,42.6469,-73.75761,Entire home/apt,178,3,27,2022-10-27,0.61,5,361,0,
42567833,Homey,339085327,Arkady,,NINTH WARD,42.65567,-73.7854,Entire home/apt,,70,0,,,1,365,0,
42763847,Charming dog friendly home with private yard!,649068,Anthony,,FIRST WARD,42.63876,-73.78535,Entire home/apt,150,1,92,2023-12-31,1.98,1,48,21,
42878766,Hope ON THE HILL,341431807,Rakee,,FIRST WARD,42.630857812281384,-73.77276296062956,Entire home/apt,115,2,2,2024-01-29,1.02,1,264,2,
43208391,Historic Downtown Albany Apartment,272907816,Angela,,SECOND WARD,42.64453,-73.75426,Entire home/apt,120,2,79,2024-01-02,1.91,4,77,14,
43459803,Luxury & Safety in Center Square + Parking,299638115,Dominick,,SIXTH WARD,42.65556,-73.76205,Entire home/apt,175,4,14,2023-10-10,0.38,3,289,3,
43736299,*The Blue House* Incredible 3 Bedroom Apartment,349460842,Scott,,TENTH WARD,42.66257,-73.78281,Entire home/apt,172,1,108,2024-01-05,2.45,5,354,27,
43955950,* Quaint home located in residential neighborhood*,232967878,Diana,,EIGHTH WARD,42.64383,-73.78926,Entire home/apt,245,2,67,2023-12-28,1.52,19,0,21,
44180048,Historic Queen Studio Across from Washington Park!,355777684,Lloyd,,SIXTH WARD,42.65935,-73.76805,Entire home/apt,116,1,321,2024-01-21,7.36,3,351,72,
44265426,Parkside Queen 1 Bedroom (1800's) Brownstone!,355777684,Lloyd,,SIXTH WARD,42.66006,-73.76966,Entire home/apt,132,1,280,2023-12-25,6.50,3,253,55,
44450012,Spacious upscale luxury apartment with huge yard,353498132,Michael,,EIGHTH WARD,42.64808,-73.7996,Entire home/apt,135,13,22,2023-12-21,0.52,5,225,2,
45024912,Private Apt Queen 1 Bed Sanctuary with many Extras,362851072,Elsa,,FOURTEENTH WARD,42.66132,-73.7956,Entire home/apt,129,1,118,2023-10-09,2.79,1,0,19,
45074220,"Historic Albany, Loft Apartment",272907816,Angela,,SECOND WARD,42.64454,-73.75369,Entire home/apt,97,2,29,2023-10-09,0.99,4,81,7,
45313545,Adorable & Trendy 1 Bd Apt Minutes to Albany Med!,165293595,Kori,,NINTH WARD,42.6545,-73.78223,Entire home/apt,76,2,102,2024-01-20,2.52,1,144,39,
45528939,UNIQUE Gem in HEART of Albany ‚òÖ Spiral Staircase,47625981,Linda,,SECOND WARD,42.64801,-73.75668,Entire home/apt,120,1,83,2023-11-30,2.24,15,335,23,
45529316,WOW ‚òÖ Bright Apt ‚òÖ PRIME downtown Walk Everywhere,47625981,Linda,,SECOND WARD,42.64821,-73.75793,Entire home/apt,120,1,93,2024-01-09,2.50,15,0,24,
45529447,‚òÖ 2 BEDROOM / 1 BATH TRENDY Apt ‚òÖ Downtown Albany,47625981,Linda,,SECOND WARD,42.64713,-73.75628,Entire home/apt,140,1,117,2024-01-29,3.17,15,0,29,
45804322,Home in Heart of Pine Hills,124848440,Emilie,,TENTH WARD,42.66137,-73.7904,Private room,100,1,138,2023-12-26,3.41,1,71,60,
46894493,Our Antique Bungalow,69789449,Dan,,NINTH WARD,42.65311,-73.78525,Entire home/apt,175,1,197,2024-02-07,5.36,1,241,55,
47334913,"Newly renovated,Amazing Location,private parking",152762198,Allen,,THIRTEENTH WARD,42.66646,-73.79184,Entire home/apt,95,3,60,2024-01-22,1.62,8,156,21,
47345872,Bright large 1 bdr loft in Center Sq -free parking,19648678,Terra,,SIXTH WARD,42.65345,-73.76663,Entire home/apt,140,2,40,2023-09-03,1.09,4,0,12,
47408047,"Quiet cozy apartment, private laundry, great spot!",152762198,Allen,,FOURTEENTH WARD,42.67156,-73.80883,Entire home/apt,79,3,41,2024-01-02,1.13,8,320,15,
47440071,Lux Loft Suite in Historic Jesse Buel House,382970529,Thomas,,THIRTEENTH WARD,42.6692,-73.79849,Private room,95,2,113,2023-12-19,3.02,10,0,41,
47828453,"Secure, Safe & Sanitized 2Bd Work, Relax in Albany",299638115,Dominick,,THIRD WARD,42.656,-73.76123,Entire home/apt,167,4,15,2022-09-07,0.41,3,361,0,
47902629,"Renovated 2br/2ba, close to Alb Med & St. Petes.",21886921,David,,THIRTEENTH WARD,42.66744,-73.79216,Entire home/apt,125,14,7,2024-01-01,0.20,2,335,1,
47943571,Downtown Albany 1 Bed + Workstation @ Maiden Lane,385664127,Dillon,,THIRD WARD,42.6511808672392,-73.75273894471623,Entire home/apt,104,1,128,2024-02-07,3.50,2,319,43,
48052353,*The Rustic Home* 3 Bedroom Second Floor Apartment,349460842,Scott,,TENTH WARD,42.66261,-73.78332,Entire home/apt,165,1,142,2024-02-04,3.88,5,354,29,
48124042,Downtown Albany 2 Bedroom + Workstation @ The Mark,385664127,Dillon,,THIRD WARD,42.64981845378106,-73.75090228127745,Entire home/apt,109,1,168,2024-02-11,5.47,2,207,48,
48172884,The Down Under Suite,98744672,Bela,,NINTH WARD,42.65399,-73.78126,Private room,45,2,48,2024-01-15,1.34,8,347,20,
48470454,"/ New Giant Victorian \ 7beds 6 baths + 2x 85"" TVs",4259750,Peter,,THIRTEENTH WARD,42.66526412963867,-73.78692626953125,Entire home/apt,595,2,29,2023-12-03,1.52,9,0,23,
48599533,Capital View I,392074908,Jerry,,SIXTH WARD,42.65429,-73.75986,Entire home/apt,89,2,89,2023-09-14,2.91,5,346,20,
49886937,VACATION TIME,219746338,Nicola,,FOURTH WARD,42.65854,-73.74926,Shared room,45,1,0,,,1,359,0,
50088935,Quiet 2-bedroom condo in the heart of Albany,172658781,Jessica,,THIRTEENTH WARD,42.66972,-73.79544,Entire home/apt,95,60,4,2022-11-30,0.14,2,358,0,
50171851,Beautiful Center Square Garden-Level Unit,48490017,Todd,,SIXTH WARD,42.65157,-73.76546,Entire home/apt,109,2,140,2024-02-01,4.60,1,201,58,
50207226,‚òÖ RARE 1BR Apt with Character GREAT Location! W/D‚òÖ,47625981,Linda,,FOURTH WARD,42.65888,-73.74673,Entire home/apt,115,1,68,2023-11-01,2.08,15,0,17,
50211226,Quiet Studio By Washington Park | Walkable!,105597161,Jake & Kate,,ELEVENTH WARD,42.66034,-73.77163,Entire home/apt,112,2,147,2024-02-09,5.68,1,252,68,
50354540,Designer 2BED Heart of Center Square,188679144,Elizabeth,,SIXTH WARD,42.65333,-73.76402,Entire home/apt,,3,9,2023-08-13,0.28,8,360,5,
50639032,"Sunny Queen bed, Quiet w/Beautiful Garden",172539578,David Yisrael,,FIFTEENTH WARD,42.67945,-73.81647,Private room,63,3,36,2023-08-28,1.24,3,136,6,
50890336,"‚òÖCHIC, Renovated Brownstone‚òÖ in PRIME DT Albany",47625981,Linda,,FOURTH WARD,42.65901,-73.74748,Entire home/apt,120,1,39,2023-10-08,1.26,15,345,11,
51230498,"Chic-romantic, center-city, hotel-style apartment.",414738935,Sonya,,THIRD WARD,42.66064,-73.76074,Entire home/apt,65,1,208,2024-01-21,6.67,1,0,65,
51461480,üçÉChic & Cozy Near Washington Park Garden Suite,416799784,Rosie,,TENTH WARD,42.65969,-73.77564,Entire home/apt,93,7,21,2023-03-31,0.75,1,102,1,
51503537,Walk to Everything Downtown Albany! Luxury Apt!,394420519,All Seasons,,THIRD WARD,42.65061,-73.75006,Entire home/apt,105,4,7,2023-02-23,0.24,1,160,1,
51560588,Steps 2 Capital,392074908,Jerry,,SIXTH WARD,42.65431,-73.75997,Entire home/apt,,365,42,2023-09-10,1.38,5,364,5,
51579900,‚òÖMODERN 1BR GREAT Location Downtown! W/D Parking!‚òÖ,47625981,Linda,,FOURTH WARD,42.65856,-73.74866,Entire home/apt,115,1,63,2023-10-01,2.07,15,358,22,
51592836,Lovely 1 Bedroom Unit In Historic Brownstone!,60293220,David,,THIRD WARD,42.65812,-73.74941,Entire home/apt,75,3,68,2023-12-18,2.38,3,348,26,
51710034,Empire Plaza View I,392074908,Jerry,,SIXTH WARD,42.65269,-73.76076,Entire home/apt,89,2,32,2023-11-12,1.07,5,195,11,
51960331,"Tuscan Garden Apt at Caf√© Capriccio Albany, NY",418024477,Marlene,,SECOND WARD,42.64684,-73.75614,Entire home/apt,125,1,77,2023-08-20,2.63,1,156,13,
52042995,A-Room for students & professionals close to all.,160832560,Luke,,FIFTEENTH WARD,42.67643,-73.82903,Private room,40,2,21,2023-11-12,0.78,1,322,8,
52152157,"Modern space, everything you could want!",152762198,Allen,,FIRST WARD,42.63066,-73.77357,Entire home/apt,99,3,48,2023-12-17,1.65,8,156,14,
52225409,3 bedroom single family home w/ off street parking,207800855,Iris,,TWELFTH WARD,42.68553,-73.79716,Entire home/apt,87,1,41,2023-12-30,1.48,3,0,27,
52241973,Garden Apartment in Historic Center Square Home,35465673,Jason,,SIXTH WARD,42.65641,-73.76413,Entire home/apt,87,1,197,2024-01-31,6.94,1,0,74,
52301345,Washington Park Brownstone-Large Luxury Bedroom 1,49100926,Clyde,,SIXTH WARD,42.65934,-73.76966,Private room,100,2,4,2022-08-16,0.17,4,362,0,
52359404,3 bedroom quiet neighborhood w/ off street parking,207800855,Iris,,FIFTEENTH WARD,42.67044,-73.82573,Entire home/apt,93,1,77,2024-01-03,2.69,3,354,37,
52360097,Empire Plaza View II,392074908,Jerry,,SIXTH WARD,42.65386,-73.75958,Entire home/apt,88,2,64,2024-01-12,2.20,5,0,9,
52569714,* Swanky Triplex in Historic building w/parking *,232967878,Diana,,SECOND WARD,42.64186,-73.75868,Entire home/apt,135,1,51,2023-12-03,1.78,19,81,16,
52611613,* Adorable home w/parking near great restaurants *,232967878,Diana,,NINTH WARD,42.65674,-73.79221,Entire home/apt,185,2,100,2024-01-21,3.52,19,82,42,
52615364,Unique one bedroom in the heart of downtown Albany,416465867,Chris,,THIRD WARD,42.65069,-73.75193,Entire home/apt,65,30,20,2022-03-27,0.70,1,103,0,
52619545,* Centrally located Eclectic vibe 2 bed w/parking,232967878,Diana,,THIRTEENTH WARD,42.67181,-73.79543,Entire home/apt,125,2,70,2024-01-01,2.44,19,87,28,
52691284,+ Perfect place to make memories with loved ones +,232967878,Diana,,TENTH WARD,42.66236,-73.79245,Entire home/apt,600,2,57,2024-01-21,2.01,19,0,18,
52836323,*Hidden gem w/in walking distance to Madison Ave *,232967878,Diana,,THIRTEENTH WARD,42.67131,-73.7921,Entire home/apt,145,1,56,2024-01-20,2.15,19,0,31,
52837196,‚òÖMODERN 1BR Apt w/ PRIVATE deck! W/D‚òÖ,47625981,Linda,,FOURTH WARD,42.65812,-73.74837,Entire home/apt,116,1,58,2024-01-29,2.06,15,359,19,
52863776,Washington Parkside 1 Bedroom In 1800s Brownstone!,355777684,Lloyd,,SIXTH WARD,42.65826,-73.76944,Entire home/apt,119,1,145,2024-02-10,5.18,3,323,60,
52923647,Cozy 3BR House in Whitehall near DT Albany,428451585,Erwin,,EIGHTH WARD,42.64792,-73.79953,Entire home/apt,,3,0,,,1,364,0,
53115382,Cozy 1-bdrm apt with off street parking,207800855,Iris,,FIFTEENTH WARD,42.67004,-73.82367,Entire home/apt,88,2,27,2023-05-24,0.99,3,7,1,
53312101,* 1 bed near Times Union center & Egg w/parking *,232967878,Diana,,SECOND WARD,42.64369,-73.7581,Entire home/apt,96,1,41,2024-01-14,1.50,19,81,25,
53483727,Spacious Urban APT w/4BR & Office in Albany,433096110,Brian,,FOURTEENTH WARD,42.65824,-73.80114,Entire home/apt,196,1,100,2024-02-11,3.88,3,250,38,
53567589,Private Garden Apt in Downtown Albany|Pets Allowed,433096110,Brian,,SIXTH WARD,42.65204,-73.76655,Entire home/apt,99,1,174,2024-01-29,6.57,3,324,71,
53645427,‚òÖ BEAUTIFUL  2 BED 2 BATH  w/ SOAKER TUB + W/D‚òÖ,47625981,Linda,,FOURTH WARD,42.65913,-73.74722,Entire home/apt,150,1,75,2024-01-01,2.83,15,344,32,
53860077,/ Gorgeous Garden Getaway\ 1943 SUNY Eagle Hill,4259750,Peter,,FIFTEENTH WARD,42.674675,-73.822861,Entire home/apt,224,1,16,2023-11-18,0.69,9,354,7,
53971505,Charming 1 Bdrm Garden Apt in Historic Brownstone,60293220,David,,FOURTH WARD,42.65873,-73.7494,Entire home/apt,,13,3,2022-12-31,0.13,3,364,0,
54097694,B Unieke,438504176,Roland,,SECOND WARD,42.64683,-73.75662,Entire home/apt,,1,0,,,1,364,0,
54126420,Beautiful 1 bedroom in a quiet residential area.,37769478,Erion,,TENTH WARD,42.66261,-73.79026,Entire home/apt,79,1,65,2024-02-04,3.18,8,358,22,
54126421,Beautiful Apartment in the heart of Albany,37769478,Erion,,SIXTH WARD,42.65422,-73.76996,Entire home/apt,100,1,54,2024-02-04,2.35,8,355,24,
54126427,Beautiful 1 bedroom In the heart of Albany,37769478,Erion,,SIXTH WARD,42.65403,-73.77056,Entire home/apt,100,1,101,2024-01-14,3.95,8,315,4,
54128829,Modern & Cozy Cntr Square Townhouse Gem from 1854,265709295,Richard & Priscela,,SIXTH WARD,42.65594,-73.76591,Entire home/apt,195,1,186,2024-02-03,7.70,1,0,82,
54150131,Charming 170-Year-Old Home in the Heart of Albany,432936385,Jared,,SIXTH WARD,42.65155,-73.765,Entire home/apt,148,1,115,2024-02-11,4.95,1,260,72,
54232383,Lovely 2 bedroom unit with indoor fireplace.,272907816,Angela,,SECOND WARD,42.64459,-73.75392,Entire home/apt,125,2,5,2022-11-06,0.28,4,43,0,
54369238,"Cozy townhouse, close to hospital, free parking!",152762198,Allen,,NINTH WARD,42.65578,-73.78641,Entire home/apt,100,3,31,2023-12-25,1.83,8,132,23,
54369240,Lovely 1 bedroom rental close to Alb Med!,152762198,Allen,,TENTH WARD,42.65905,-73.77964,Entire home/apt,80,2,36,2024-02-09,1.71,8,356,24,
514347748300866729,Cozy apartment in Historic Brownstone,166246610,Shawn,,THIRD WARD,42.65742,-73.74985,Entire home/apt,95,4,28,2024-01-27,1.08,2,74,12,
552126406812197546,Washington Park Brownstone-Large Luxury Bedroom 2,49100926,Clyde,,SIXTH WARD,42.65902,-73.7701,Private room,110,2,4,2023-01-20,0.17,4,227,0,
553840513283735966,Washington Park Brownstone-Large Private Lux Rm 3,49100926,Clyde,,SIXTH WARD,42.6595,-73.76938,Private room,100,2,4,2023-07-02,0.17,4,226,2,
554082470790988493,Washington Park Brownstone- Large Luxury Bedroom 4,49100926,Clyde,,SIXTH WARD,42.6598,-73.76995,Private room,100,2,6,2022-10-02,0.25,4,227,0,
559249822516788574,Cozy 1 bedroom with office and luxurious King size,433884293,Uniah,,NINTH WARD,42.66062,-73.79112,Entire home/apt,,6,2,2023-06-26,0.12,1,363,1,
563711706943869398,/Purple Potty Penthouse\ 1928 Pine Hill 4Bed 1Bath,4259750,Peter,,THIRTEENTH WARD,42.66919,-73.78672,Entire home/apt,444,2,6,2022-12-24,0.25,9,364,0,
565171585673492875,Lovely 1 bed apartment close to MVP Arena,232967878,Diana,,SECOND WARD,42.64342,-73.75742,Entire home/apt,120,1,66,2024-01-13,2.73,19,0,30,
581057744765912905,‚óÜUNIQUE‚óÜ spacious LOFT with photo studio w/d!,47625981,Linda,,THIRD WARD,42.65848,-73.76359,Entire home/apt,115,1,37,2024-01-27,1.59,15,0,17,
588298411730694861,Modern one bedroom with free off street parking,353498132,Michael,,SECOND WARD,42.64441,-73.75647,Entire home/apt,110,13,10,2024-01-10,0.50,5,199,5,
593272120497643087,Lux Suite at the Historic Jesse Buel House.,382970529,Thomas,,THIRTEENTH WARD,42.66911,-73.79869,Private room,89,2,78,2024-01-30,3.97,10,0,55,
594826539132503237,Oversized studio with free parking & Netflix,232967878,Diana,,SECOND WARD,42.64252,-73.75688,Entire home/apt,119,1,68,2024-01-28,2.98,19,0,39,
610090811367811938,Cozy rental near hospitals! Off street parking,40548251,Reyana,,NINTH WARD,42.652049,-73.7949665,Entire home/apt,102,2,30,2024-01-17,1.96,1,328,21,
617242073954595468,Iconic City Center Apt in Downtown | Pets Allowed,433096110,Brian,,SIXTH WARD,42.65353,-73.7679,Entire home/apt,113,1,107,2024-02-11,4.95,3,286,54,
618673322156725003,Huge apartment with balcony and park views,2554853,Nim,,SIXTH WARD,42.655479431152344,-73.76625061035156,Entire home/apt,70,4,6,2024-01-18,0.39,1,230,5,
619695112394148331,Modern luxury one bedroom with off street parking,353498132,Michael,,SECOND WARD,42.64489,-73.75731,Entire home/apt,120,13,6,2024-01-31,0.31,5,246,3,
620480926228934988,"Lovely renovated, 2-bedroom home with free parking",457678547,Najeem Adegbemiga,,SEVENTH WARD,42.640217,-73.780815,Entire home/apt,120,2,12,2023-12-23,0.67,1,362,6,
621960198566758900,One-of-a-Kind Luxe Urban Farmhouse w/ Heated Pool,382970529,Thomas,,FOURTEENTH WARD,42.66762,-73.79919,Entire home/apt,1209,2,7,2023-12-28,0.36,10,191,2,
623102454293479631,Walk everywhere! Stylish apartment for up to 5,1176120,Julia,,THIRD WARD,42.65723,-73.75684,Entire home/apt,99,1,124,2024-02-09,5.79,3,80,60,
623454291327573992,Lovely 3 bedroom unit in Albany,249258548,Umer,,SEVENTH WARD,42.64372,-73.78426,Entire home/apt,130,2,25,2023-11-24,1.17,4,0,7,
625346918039601608,Charming Garden Apartment in Center Square,12742779,Kathryn,,SIXTH WARD,42.65347,-73.7662,Entire home/apt,105,1,176,2024-02-09,8.56,1,290,112,
625350562676461315,Lovely private room in Albany,249258548,Umer,,SEVENTH WARD,42.64318,-73.78386,Private room,53,4,10,2023-07-14,0.47,4,175,3,
625361790254590926,Lovely private room in Albany,249258548,Umer,,SEVENTH WARD,42.64242,-73.78536,Private room,53,4,12,2023-08-02,0.58,4,174,6,
627627418709458036,Lovely private bedroom in Albany,249258548,Umer,,SEVENTH WARD,42.64198,-73.78413,Private room,53,4,6,2023-07-26,0.29,4,175,2,
628163387057233327,‚òÖSPACIOUS 1BR Apt w/ Character 10ft Ceilings W/D!‚òÖ,47625981,Linda,,SECOND WARD,42.64528,-73.75861,Entire home/apt,120,1,36,2023-10-29,1.75,15,357,23,
628824127129967353,Clean lines and accessible Convenient Location!,7164949,Jordan,,THIRD WARD,42.66169974831227,-73.76466827605744,Private room,,2,0,,,1,88,0,
631035244220396236,‚òÖPRIVATE 1 BDRM Newly Renovated Apt W/D Patio‚òÖ,47625981,Linda,,SECOND WARD,42.64558,-73.75928,Entire home/apt,115,1,40,2023-10-30,1.92,15,237,22,
631778545710518995,Lovely 3-bedroom apartment with indoor fireplace.,272907816,Angela,,SECOND WARD,42.645252,-73.753433,Entire home/apt,151,2,11,2024-01-15,0.91,4,0,11,
634108143238179968,Perfect for Families  and Traveling Professionals,119340359,Lori,,SIXTH WARD,42.65323,-73.76797,Entire home/apt,196,1,78,2024-02-04,3.77,2,0,43,
636902252641496970,Cozy Private Room in a Residential House in Albany,376794541,Neha,,ELEVENTH WARD,42.6635364,-73.77782359999999,Private room,43,10,21,2023-08-16,1.10,3,179,8,
637104152785938471,Walk everywhere! Stylish downtown Albany 2BR,1176120,Julia,,THIRD WARD,42.65802,-73.756165,Entire home/apt,108,1,122,2024-01-28,5.89,3,0,69,
642909221333428607,Charming City Retreat | Walk to Dining + Park,462767507,Joshua,,SIXTH WARD,42.65427,-73.76455,Entire home/apt,90,3,25,2024-01-29,1.33,4,341,19,
646570081594519710,Peaceful 2 bedroom condo in the heart of Albany,172658781,Jessica,,THIRTEENTH WARD,42.66897,-73.79653,Entire home/apt,100,30,0,,,2,83,0,
649973892551492641,Modern luxury studio with free off street parking,353498132,Michael,,SECOND WARD,42.64625,-73.75663,Entire home/apt,90,14,5,2023-08-05,0.28,5,225,2,
652889455649176778,Hali Haven Downtown Albany MVP Arena,426253886,Aggie,,SECOND WARD,42.64595,-73.76196,Entire home/apt,84,1,46,2023-12-31,2.49,3,335,28,
653433851241162365,Lovely apartment in heart of Albany,1761578,Grant,,SIXTH WARD,42.65389,-73.76538,Entire home/apt,116,2,1,2023-03-20,0.09,2,84,1,
654302747324294105,‚òÖ Private 1 bdrm w/ backyard access ‚òÖ In-unit W/D,47625981,Linda,,FOURTH WARD,42.65752,-73.74743,Entire home/apt,115,1,36,2023-10-01,1.87,15,272,21,
656759629828215245,Cabana Fairytale apartment inclusive washer dryer,39656001,Urbangem,,SECOND WARD,42.64493,-73.75725,Entire home/apt,,5,0,,,6,364,0,
657130517248738038,Lovely Garden Apt. in Historic Brownstone,166246610,Shawn,,THIRD WARD,42.65795,-73.75092,Entire home/apt,101,4,14,2024-01-06,0.74,2,257,10,
658638185191740358,CHEERFULL 3 BEDROOM HOME WITH FREE PARKING.,466389096,Patrice,,FIRST WARD,42.6374547,-73.7716647,Entire home/apt,159,5,5,2023-09-22,0.26,3,290,3,
659271804492363811,"Downtown 1 bedroom 
on the park.",188046954,Jonathan,,SIXTH WARD,42.65808212736162,-73.7700095188376,Entire home/apt,110,3,0,,,1,269,0,
662132809952482192,Beautiful 4 bedroom house Large eat in kitchen,466389096,Patrice,,FIRST WARD,42.6382401,-73.7719405,Entire home/apt,120,5,1,2022-07-15,0.05,3,364,0,
667644674529935702,Pied-a-terre albany,439560254,Sean,,SIXTH WARD,42.65541380925019,-73.76367520540953,Entire home/apt,118,2,62,2024-02-11,3.29,1,0,38,
668608096674070882,The Rose Room at Historic Buel House,382970529,Thomas,,FOURTEENTH WARD,42.66758,-73.7992,Private room,75,2,91,2024-02-02,4.71,10,0,56,
668608486588067880,The Silk and Sun Room at Historic Jesse Buel House,382970529,Thomas,,FOURTEENTH WARD,42.66764,-73.79908,Private room,75,2,81,2024-02-03,4.19,10,0,53,
669022371438086634,Beautiful home in the upstate ny,468871633,Wayne,,FIFTH WARD,42.66381,-73.75919,Entire home/apt,125,7,2,2022-12-22,0.12,1,288,0,
677623197606854496,**New Listing! Modern 2 bdrm Apt in Mansion Area!,203631769,Johnny,,SECOND WARD,42.64531,-73.75963,Entire home/apt,,2,28,2023-09-29,1.54,1,0,11,
677763754609430189,Peaceful 3 Bedroom in the Heart of Central Albany,471187792,Romel,,THIRTEENTH WARD,42.6694413,-73.79749410000001,Entire home/apt,,1,56,2024-01-26,3.02,1,0,33,
681241051140825073,Tranquil Master Bedroom,376794541,Neha,,ELEVENTH WARD,42.66305,-73.77726,Private room,47,10,6,2024-01-05,0.56,3,168,6,
681264183196450583,"Comfy private room in a Residential House, Albany",376794541,Neha,,ELEVENTH WARD,42.66286,-73.77817,Private room,45,10,11,2024-02-01,0.59,3,175,5,
681937608147268080,Lovely studio apartment with 1 bedroom.,466389096,Patrice,,FIRST WARD,42.63716,-73.77227,Entire home/apt,60,7,0,,,3,272,0,
681952268271889535,Albany-2 bedrooms apt (1st fl) A&A-Sisters Rental,461579260,Md,,SECOND WARD,42.646896,-73.757612,Entire home/apt,140,1,2,2023-08-20,0.17,2,165,2,
682687626408133288,Lovely 4 bed 2 bath located near St Rose,232967878,Diana,,TENTH WARD,42.66172,-73.78497,Entire home/apt,179,1,82,2024-01-21,4.40,19,0,56,
684100173908872919,Cozy 1BR with Patio in the Heart of Albany,1176120,Julia,,THIRD WARD,42.65732,-73.75676,Entire home/apt,99,1,78,2024-01-28,4.18,3,67,53,
685516018052013053,Lovely Unit with Free Parking on Premises,392074908,Jerry,,SEVENTH WARD,42.64759,-73.77049,Entire home/apt,99,2,5,2023-08-27,0.27,5,362,2,
687496906843024117,Albany-3 bedrooms apt (2nd fl) A&A-Sisters Rental,461579260,Md,,SECOND WARD,42.64621,-73.75723,Entire home/apt,,1,4,2023-05-28,0.24,2,165,2,
688355255688353452,Albany-3 bedrooms apt (3rd fl) A&A-Sisters Rental,474123093,Lipa,,SECOND WARD,42.646896,-73.757612,Entire home/apt,169,1,12,2023-07-26,0.65,1,0,6,
689719338468663432,"Elegant, spacious studio apt in historic mansion",1717342,David,,SIXTH WARD,42.654057650371506,-73.76071299629517,Entire home/apt,105,1,145,2024-02-13,7.98,2,212,112,
691212803264918638,Lovely 2 bedroom in beautiful private residence,474507921,Hyacinth,,TENTH WARD,42.66344638300454,-73.78874121586915,Private room,,1,21,2023-04-09,1.21,1,0,3,
692807914756117019,Relax in Style by Washington Park - Free Parking,67337944,Rabia,,ELEVENTH WARD,42.6623,-73.777,Entire home/apt,105,1,65,2024-02-06,4.72,1,0,62,
695129027343234397,Cozy 1-bedroom bungalow with office,130759460,Kelsey,,EIGHTH WARD,42.64971,-73.80079,Entire home/apt,,4,7,2023-08-26,0.45,1,0,3,
699073700185633508,Luxurious 2 bedroom 2 bathroom Historical Mansion,476189412,Timothy,,SECOND WARD,42.6468502,-73.7587258,Entire home/apt,299,28,5,2023-05-14,0.30,2,74,2,
700172695352977293,"the Blake; Full bed in the city, free parking",442491470,Brigid,,ELEVENTH WARD,42.66247,-73.77469,Private room,34,3,14,2023-12-08,0.78,1,359,6,
705660262559003663,Luxurious one bedroom with off-street parking,353498132,Michael,,SECOND WARD,42.64577,-73.7583,Entire home/apt,110,13,3,2023-08-13,0.22,5,353,2,
708040907580174096,"Hilts & Kinfolks, LLC - Albany Private Room 2",478008190,Edward,,FOURTEENTH WARD,42.66008,-73.79816,Private room,27,30,4,2023-08-16,0.28,3,319,3,
708060437684762754,"Hilts & Kinfolks, LLC - Albany, Private Room 3",478008190,Edward,,FOURTEENTH WARD,42.659297007542705,-73.79720147699118,Private room,27,30,2,2023-05-23,0.13,3,341,1,
708067736362606372,"Hilts & Kinfolks, LLC - Albany Private Room 1",478008190,Edward,,FOURTEENTH WARD,42.65935889426801,-73.7972692027688,Private room,26,30,4,2023-08-05,0.27,3,306,2,
708148232281445824,Mambo House Downtown Albany Governor's Mansion,426253886,Aggie,,SECOND WARD,42.64638,-73.76146,Entire home/apt,86,1,37,2024-01-27,2.22,3,343,28,
717373135846408345,Centrally located 2 bed w/ off street parking,232967878,Diana,,THIRTEENTH WARD,42.6732,-73.79199,Entire home/apt,136,2,30,2024-01-08,1.89,19,87,22,
723956857052424266,"Modern home, King Bed 4 bed 2bath, Crib,parking",10279606,Nori,,NINTH WARD,42.65691,-73.78389,Entire home/apt,185,1,117,2024-02-08,7.71,1,0,94,
724566770267420045,Cozy Greenwood Flat (1 BDR Apartment in Albany),360287870,Mela,,SIXTH WARD,42.6513719,-73.7673156,Entire home/apt,117,2,19,2024-01-21,3.45,1,288,19,
729131709113603445,Bright + Modern 1BR APT w Empire Plaza/Egg View,481974689,Lucy,,THIRD WARD,42.65103,-73.7574,Entire home/apt,,3,23,2023-04-29,1.40,1,0,7,
733964865705013296,Historic 1 bed/ 1 bath,502037254,Andrew,,SIXTH WARD,42.65035,-73.76549,Entire home/apt,68,14,1,2023-03-26,0.09,1,310,1,
735879623743921266,Historic & Homey 1 Bedroom Apt @ Downtown Albany,44434571,Earl,,THIRD WARD,42.64564,-73.75261,Entire home/apt,89,1,31,2024-01-10,1.97,6,349,24,
736122518072082645,Albany Apartment w/ Deck - Walk to Capitol!,121680792,Evolve,,SIXTH WARD,42.65245,-73.76294,Entire home/apt,216,2,8,2023-07-09,0.51,5,183,4,
736893992132754814,Lovely private room in center square or $700/mo,77367219,Elizabeth,,SIXTH WARD,42.65643,-73.76402,Private room,,30,2,2022-11-28,0.13,1,277,0,
737574278276037589,4 bed all on one floor,232967878,Diana,,TENTH WARD,42.66069,-73.78555,Entire home/apt,186,1,31,2023-10-23,2.03,19,0,27,
739722503092755616,Adirondack Suite #1,98744672,Bela,,NINTH WARD,42.6543178,-73.7818222,Private room,45,2,20,2024-01-12,1.26,8,330,17,
743600140734706394,Cozy apartment 2min walk to Albanymed office space,484673863,Blossom Estates,,NINTH WARD,42.65569,-73.77685,Entire home/apt,145,1,4,2023-01-26,0.29,2,360,0,
744430701454304507,"1 Bedroom on Lincoln Park, near Lark and Downtown",65414985,James,,SEVENTH WARD,42.6496,-73.76792,Entire home/apt,81,2,9,2023-12-30,0.88,2,282,9,
750748704706045644,Clean Escape- Centrally located- Self Check-In,255839958,Kira,,SEVENTH WARD,42.64284,-73.77997,Entire home/apt,131,1,11,2023-07-30,0.74,1,358,9,
751421033442627559,Modern- Cozy Center City 2 Bedroom Apartment Style,486073806,Keneisha,,FIFTH WARD,42.66648,-73.76831,Entire home/apt,91,2,12,2023-10-22,1.00,1,0,12,
752118894541630543,Cozy luxury brownstone w/ parking & yard,258664571,Vorakij,,SECOND WARD,42.64439384900326,-73.75975701534425,Entire home/apt,134,2,33,2024-01-14,2.80,2,0,33,
752337379205662422,Penthouse Brownstone w/ luxury amenities,258664571,Vorakij,,SECOND WARD,42.6444412,-73.75971410000001,Entire home/apt,141,2,26,2024-01-29,2.56,2,346,26,
756752556396798800,Private Room in the Center of the Albany,69729286,Musab,,SIXTH WARD,42.65259,-73.76732,Private room,50,3,13,2024-01-26,0.95,2,159,11,
757342235277207834,Grand Center Square Studio,188679144,Elizabeth,,SIXTH WARD,42.65534,-73.76461,Entire home/apt,70,7,10,2024-01-21,0.67,8,276,7,
757978037279611051,Charming location near universities & hospital,232967878,Diana,,THIRTEENTH WARD,42.67348,-73.7934,Entire home/apt,128,2,21,2023-12-03,1.77,19,0,21,
761141715827746314,"Great place in the heart of Albany, with Parking",37769478,Erion,,SIXTH WARD,42.65405,-73.76953,Entire home/apt,110,1,20,2023-10-22,1.41,8,356,15,
764508866835218670,Aligned space to share,6203319,Melissa,,TENTH WARD,42.66117,-73.79091,Private room,75,1,8,2023-11-05,0.54,3,85,7,
774701102203414342,Entire cozy unit in Albany,261036923,Hasan,,FOURTEENTH WARD,42.6601,-73.80719,Entire home/apt,63,1,36,2024-02-10,2.63,1,255,31,
775645647912379518,Casa Coquette home away from home 2BDRM w/ office,115597810,Massi,,SIXTH WARD,42.6518469,-73.7642072,Entire home/apt,155,2,23,2024-02-08,1.67,1,69,21,
777068997424722137,Cozy Private Hideaway,442094566,Queen,,THIRD WARD,42.65725,-73.75065,Entire home/apt,110,1,41,2024-02-09,3.00,1,0,37,
782849454465952994,Quiet Apt near the Empire State Plaza,491607190,Abba,,SIXTH WARD,42.65183,-73.76594,Entire home/apt,110,1,9,2023-08-05,0.66,6,12,8,
784781397995494758,Private bedroom and private bath,491907850,Donna,,FOURTEENTH WARD,42.66298,-73.81361,Private room,60,1,11,2023-10-20,0.90,1,83,11,
786181179052991690,Lovely Junior 1BED,188679144,Elizabeth,,THIRD WARD,42.65653,-73.76223,Entire home/apt,,1,3,2024-01-27,0.48,8,360,3,
786196811078165173,Mansion in Albany 7minutes to Downtown Albany,444163492,Drasana,,FOURTH WARD,42.67996,-73.75352,Entire home/apt,538,3,11,2024-01-15,0.92,1,126,11,
786228331433922432,Glam 1BR center square,188679144,Elizabeth,,SIXTH WARD,42.65322,-73.76249,Entire home/apt,110,2,2,2024-01-14,0.44,8,362,2,
786316043239579100,Elegant newly renovated cozy smart apartment,253824490,Tomar & Kash,,FIFTH WARD,42.6591503133547,-73.75431932508945,Entire home/apt,95,2,31,2023-12-13,2.47,1,245,29,
787023821243442039,*The Allen House* NEW! Gorgeous Apt - Sleeps 8,349460842,Scott,,FOURTEENTH WARD,42.6653,-73.7943,Entire home/apt,188,1,45,2024-01-28,3.82,5,0,45,
788301415655396660,Spacious 2 bed w/parking,232967878,Diana,,SECOND WARD,42.64324,-73.75732,Entire home/apt,150,1,38,2024-01-01,2.78,19,0,35,
793223286704705121,Cozy & Boho One Bed Apartment,462767507,Joshua,,SIXTH WARD,42.65489,-73.77061,Entire home/apt,102,3,11,2023-12-02,0.89,4,319,10,
794723189688979530,Updated 3/1 unit for Professionals and Families,20144241,Carla,,FIFTH WARD,42.67283,-73.77367,Entire home/apt,104,3,6,2023-11-21,0.68,1,254,6,
795541666227926706,Victorian Mansion on Washington Park,493882819,Terra,,NINTH WARD,42.656329,-73.7752048,Private room,779,1,1,2023-08-13,0.16,6,264,1,
796231143904004713,Washington Park Inn - Room 4,493882819,Terra,,NINTH WARD,42.65582,-73.77541,Private room,136,1,7,2024-01-19,1.01,6,309,7,
796983497677050358,Bright and Sunny Private Apartment in Albany,18760261,Shane,,NINTH WARD,42.6538578,-73.7855281,Entire home/apt,88,3,13,2023-11-23,1.19,1,237,13,
797455132224782470,Alb Medical/colleges/Dtw Alb/Green Rm. Share,89705052,Share,,TENTH WARD,42.65741,-73.78034,Private room,55,2,10,2023-11-17,0.79,3,77,9,
798448539017629897,1 Bedroom Garden Level Suite,222612368,Patrick,,SIXTH WARD,42.65315,-73.77012,Entire home/apt,80,30,2,2023-05-18,0.18,1,364,2,
798715218269100922,Cozy 1st Floor Apartment near the NYS Museum,491607190,Abba,,SIXTH WARD,42.65038,-73.76664,Entire home/apt,,1,6,2023-12-23,0.48,6,0,5,
801365637253057708,Charming Albany Retreat ~ 3 Mi to Downtown!,121680792,Evolve,,THIRTEENTH WARD,42.66958,-73.79722,Entire home/apt,126,2,9,2023-08-27,0.76,5,349,9,
802216634798169031,Washington Park Inn - Room 6,493882819,Terra,,SIXTH WARD,42.65751,-73.77409,Private room,136,1,4,2023-11-24,0.62,6,296,4,
803581476246206291,Sophisticated Lux apartment,23490148,Fran,,TENTH WARD,42.6601122,-73.7754681,Entire home/apt,120,1,5,2023-10-22,0.38,1,317,3,
803604897479679272,3br/2ba Near Alb Med & St.Petes.,21886921,David,,FOURTEENTH WARD,42.66691,-73.79338,Entire home/apt,125,14,1,2023-06-20,0.13,2,288,1,
803814397190632412,Washington Park Inn - Room 5,493882819,Terra,,NINTH WARD,42.656329,-73.775205,Private room,136,1,3,2023-08-27,0.43,6,297,3,
803867986023966300,Washington Park Inn - Room 1,493882819,Terra,,NINTH WARD,42.656329,-73.775205,Private room,136,1,4,2023-07-28,0.56,6,302,4,
805896945977358156,Chadell's Chateau,496444061,Diana,,THIRD WARD,42.65588,-73.75332,Entire home/apt,89,1,58,2024-01-25,4.81,1,159,58,
806767523952124375,& Modern Luxury Cottage in Central ALB,110453341,Alexis,,FIFTH WARD,42.6684126,-73.7684199,Entire home/apt,103,1,18,2023-10-29,1.41,1,256,15,
812481224035365997,Adorable Albany Apartment!,266096073,Caroline,,THIRTEENTH WARD,42.67239,-73.79418,Entire home/apt,88,3,31,2023-12-29,2.57,1,27,31,
813640070361665090,The front room w/ TV and king size bed,116935236,Fs,,THIRTEENTH WARD,42.67143614564987,-73.79032550419785,Private room,50,2,10,2023-12-31,1.53,4,180,10,
816085193659797849,Cozy Apartment across the Park,37769478,Erion,,SIXTH WARD,42.65258,-73.76917,Entire home/apt,85,1,25,2023-12-11,2.02,8,350,24,
817160514282672518,Sophisticated Albany Vacation Rental,121680792,Evolve,,TENTH WARD,42.66011,-73.77547,Entire home/apt,101,2,0,,,5,318,0,
821566342267452838,COMFY Room/w Private BATH + TV,177073982,Cristian,,FOURTEENTH WARD,42.66109,-73.80479,Private room,55,2,3,2023-11-30,0.26,2,287,3,
823275570359807298,Cozy Home 5 Minute Drive to Albany Med Hospital,500360485,Manjano,,SIXTH WARD,42.65184046237008,-73.77073690770652,Entire home/apt,,2,0,,,1,0,0,
826301775871257033,2 br apt 2 min walk to albanymed offstreet parking,484673863,Blossom Estates,,NINTH WARD,42.65613,-73.77469,Entire home/apt,157,1,17,2024-01-28,1.42,2,302,17,
831122937768017113,Boho-Chic Cape  Conveniently Located,68750004,Tiffany,,FIFTEENTH WARD,42.67076,-73.82612,Entire home/apt,232,2,47,2024-02-04,4.15,1,184,47,
841524382518312215,Mellow Cove,462042479,Natasha,,SIXTH WARD,42.66007584297136,-73.76976949435519,Entire home/apt,120,2,1,2023-09-04,0.18,2,261,1,
841524433909352403,Cozy Cove Away From Home,462042479,Natasha,,SIXTH WARD,42.65987,-73.77025,Entire home/apt,120,2,11,2023-12-03,1.42,2,0,11,
843481456379840308,Gorgeous center square 2 BR,188679144,Elizabeth,,SIXTH WARD,42.65481,-73.76352,Entire home/apt,,1,2,2023-09-04,0.18,8,362,2,
845960193409947556,Modern Cottage-Perfect for Groups!,268741708,Nanette,,FIRST WARD,42.63504,-73.79833,Entire home/apt,236,2,46,2024-01-28,4.22,1,117,46,
846586211673806912,Spacious Home Away from Home!,49372011,Phil,,TWELFTH WARD,42.67336,-73.78619,Entire home/apt,175,3,12,2024-02-02,1.17,2,292,12,
849460179246794510,Your luxury home away from home,1761578,Grant,,SIXTH WARD,42.65432,-73.76531,Entire home/apt,288,2,0,,,2,260,0,
850173470105833039,Stunning Guest Suite in Historic 1874 Row House,120815848,Phat,,SECOND WARD,42.6446,-73.75885,Private room,90,1,62,2024-01-12,5.92,1,330,62,
850653820133738660,"Private queen bedroom near hospitals, schools",20536619,Emily,,THIRTEENTH WARD,42.67177,-73.79464,Private room,58,5,5,2023-11-03,0.75,3,143,5,
855336679720071303,Eclectic diverse pets fenced yard,186074828,Blake,,SECOND WARD,42.6457663,-73.7586141,Entire home/apt,85,1,28,2023-12-03,2.69,1,81,28,
857981934159027424,Updated Historic Brownstone Apt.,60293220,David,,THIRD WARD,42.65817,-73.74935,Entire home/apt,78,3,11,2023-12-16,1.24,3,340,11,
870292500281763717,A Charming  Quiet Unit in a Two-Family House,510191554,He,,FOURTEENTH WARD,42.66947,-73.81607,Entire home/apt,79,1,48,2023-12-17,4.77,1,8,48,
870457209918967324,Quiet Room Near Everything,177073982,Cristian,,FOURTEENTH WARD,42.66128,-73.80548,Private room,55,3,2,2024-02-02,0.44,2,0,2,
879054943124868639,Hot tub + close to everything!,24423279,Leslie,,FOURTEENTH WARD,42.66065,-73.80439,Private room,169,7,0,,,1,263,0,
880290989870286099,Spacious 3BR with 2BA & Laundry,49372011,Phil,,ELEVENTH WARD,42.67355,-73.78496,Entire home/apt,175,2,19,2024-01-26,2.06,2,107,19,
881231954286264195,Exposed Brick with Park Views,37769478,Erion,,SIXTH WARD,42.65379,-73.76901,Entire home/apt,89,1,8,2023-06-13,0.83,8,285,8,
882229561343619620,Modern / Downtown Albany 1 BR APT,512736975,Miguelino,,TENTH WARD,42.6599733,-73.7747433,Entire home/apt,80,2,32,2024-02-04,3.52,1,171,32,
887167811237271928,The Comfort II,459472925,Gabriel,,THIRD WARD,42.66246,-73.76576,Private room,45,1,14,2024-02-02,1.65,2,355,14,
887179061681202083,The Comfort,459472925,Gabriel,,THIRD WARD,42.6628771,-73.76534029999999,Private room,45,1,11,2023-09-15,1.21,2,360,11,
888859204851381094,Downtown Albany Apartment: Walkable Location!,121680792,Evolve,,THIRD WARD,42.6573,-73.7521,Entire home/apt,114,2,3,2023-08-27,0.33,5,352,3,
897797666103863249,2 Bedroom in quiet neighborhood,37769478,Erion,,TENTH WARD,42.66215778253739,-73.79234533756971,Entire home/apt,100,1,9,2024-01-21,1.12,8,358,9,
898743867240851780,"Airy Colonial Style 5 Br, 2 Ba, Kids Rm & Parking!",516414095,Rashawn,,TENTH WARD,42.66087,-73.78655,Entire home/apt,191,2,29,2024-02-11,3.61,1,0,29,
902166216060824525,2 bdrm Modern & Hip Apt w/ Patio,47625981,Linda,,SEVENTH WARD,42.64787,-73.76707,Entire home/apt,155,1,21,2023-12-26,2.61,15,308,21,
902326803627859755,*The LEO Home* Private Bedrooms,349460842,Scott,,TENTH WARD,42.66174,-73.78325,Private room,63,90,0,,,5,270,0,
904392960639597224,/Luxury Modern Western Hideout\,4259750,Peter,,THIRTEENTH WARD,42.6652959,-73.7868778,Entire home/apt,153,2,7,2023-10-09,0.84,9,163,7,
905007131419044966,*The Red House* 4 Bedrooms‚Ä¢Just Renovated/Listed,349460842,Scott,,TENTH WARD,42.66217,-73.78299,Entire home/apt,197,1,20,2024-01-20,2.78,5,318,20,
910155617642317638,Short Stay & Close to Hospitals (king),6203319,Melissa,,TENTH WARD,42.66292,-73.7909,Private room,,1,1,2023-07-26,0.15,3,0,1,
916983723755256572,Room in a quiet neighborhood,283643924,Joseph,,FOURTEENTH WARD,42.65872,-73.79555,Shared room,55,1,4,2023-07-31,0.54,1,364,4,
917510613914219375,Short Stay & Close to Hospitals (queen),6203319,Melissa,,TENTH WARD,42.66261,-73.79158,Private room,72,1,7,2023-12-03,0.95,3,89,7,
917639722733180899,Everything you need! Modern Gem on New Scotland,471810429,Maria,,SEVENTH WARD,42.651937304486545,-73.78593011701557,Entire home/apt,171,3,72,2024-01-29,9.11,1,0,72,
919055506310955442,Room for rent,502751555,Grace,,FIFTH WARD,42.67292,-73.7776,Private room,93,1,0,,,1,364,0,
919729008458872053,1Private room1B nearly AlbMed& St.Peter's Hospital,382446799,Elizabeth,,NINTH WARD,42.6559529,-73.7807478,Private room,33,1,5,2023-12-28,0.81,2,359,5,
921076441920995839,Work hard! Play hard!,521669673,Kody,,THIRD WARD,42.6586,-73.75743,Entire home/apt,80,7,2,2023-09-07,0.32,1,264,2,
922634062451094710,Charming 2 bdrm Apt- Home Away from Home,260986425,Connie,,NINTH WARD,42.65483722729842,-73.79149618599958,Entire home/apt,105,3,1,2023-08-14,0.16,1,15,1,
924826301876268684,1Private Room2B nearlyAlbMed & St.Peter's Hospital,382446799,Elizabeth,,NINTH WARD,42.654965911269095,-73.78021704609974,Private room,44,1,6,2023-09-18,0.83,2,352,6,
928948908785846870,Newly Renovated Gem in Melrose - Pet Friendly,441054845,Thaddeus,,THIRTEENTH WARD,42.67066076442359,-73.79571205018514,Entire home/apt,91,1,15,2024-02-08,2.24,1,236,15,
932618854176539492,Cozy space all on 1 floor close to U Albany,232967878,Diana,,THIRTEENTH WARD,42.672943350526445,-73.79225342780366,Entire home/apt,125,1,6,2024-01-07,0.84,19,362,6,
932642358896439621,Stylish top floor apt w/parking,232967878,Diana,,THIRTEENTH WARD,42.67132410762948,-73.79247186675903,Entire home/apt,150,1,10,2023-12-03,1.45,19,353,10,
934035097653060273,7,493882819,Terra,,SIXTH WARD,42.656549255922755,-73.77433674199318,Private room,136,1,3,2023-09-02,0.44,6,315,3,
934744844940967492,Downtown Albany Apartment: Walk to Capitol!,456511812,Evolve,,SIXTH WARD,42.65506,-73.76401,Entire home/apt,,2,0,,,1,0,0,
937837897631191844,Hudson 2 at The Argus Hotel,526358730,Argus,,SIXTH WARD,42.658672199777634,-73.77478693204898,Private room,184,1,2,2023-12-31,0.36,12,300,2,
937838302933205871,Hudson 1 at The Argus Hotel,526358730,Argus,,ELEVENTH WARD,42.6606,-73.77284,Private room,184,1,4,2024-01-04,0.92,12,300,4,
937917144482762419,Hudson 3 ADA at The Argus Hotel,526358730,Argus,,TENTH WARD,42.659082586070085,-73.77455698333637,Private room,184,1,4,2023-10-24,0.65,12,307,4,
937927979762952955,Hudson 4 at The Argus Hotel,526358730,Argus,,TENTH WARD,42.66043,-73.77432,Private room,184,1,0,,,12,302,0,
937935210290408974,Hudson 5 at The Argus Hotel,526358730,Argus,,SIXTH WARD,42.65846944486231,-73.77272373106814,Private room,,1,1,2023-10-22,0.26,12,306,1,
937943638262956751,Whalen Suite at The Argus Hotel,526358730,Argus,,SIXTH WARD,42.65908020134226,-73.77325860057209,Private room,207,1,1,2023-12-27,0.60,12,306,1,
937959604296602771,Whalen Deluxe at The Argus Hotel,526358730,Argus,,TENTH WARD,42.66003431746541,-73.77320091698593,Private room,,1,0,,,12,307,0,
937966967490420635,Whalen 3 at The Argus Hotel,526358730,Argus,,SIXTH WARD,42.658565440198664,-73.77439829468118,Private room,,1,0,,,12,292,0,
938260134617291567,Whalen 4 at The Argus Hotel,526358730,Argus,,SIXTH WARD,42.658926587547136,-73.77448006832087,Private room,,1,0,,,12,290,0,
938266199766701429,Knickerbocker 1 The Argus Hotel,526358730,Argus,,TENTH WARD,42.660367202946986,-73.77326955672677,Private room,,1,0,,,12,311,0,
938271786418327576,Knickerbocker 3 The Argus Hotel,526358730,Argus,,SIXTH WARD,42.65868261789235,-73.77332643473149,Private room,,1,0,,,12,305,0,
938280419686165005,Carriage House The Argus Hotel,526358730,Argus,,TENTH WARD,42.660362531234114,-73.77290224418863,Entire home/apt,364,1,5,2024-01-20,0.79,12,286,5,
938421117122010799,"The backroom with TV, Queen bed and extra futon",116935236,Fs,,ELEVENTH WARD,42.6708367,-73.7853116,Private room,45,2,10,2024-02-02,1.47,4,358,10,
938431811499141903,The little room with TV and twin bed,116935236,Fs,,THIRTEENTH WARD,42.669735657513975,-73.78610658197474,Private room,35,2,6,2024-02-05,0.87,4,362,6,
938475906652462790,Colorful and eclectic apartment,132766782,Kelly,,TWELFTH WARD,42.673982043290124,-73.7912638431355,Entire home/apt,110,3,0,,,1,233,0,
940012438497375577,"Sunny King bed, private bath, & garden",172539578,David Yisrael,,FIFTEENTH WARD,42.68001107488553,-73.81705995884008,Private room,71,2,2,2023-10-02,0.34,3,26,2,
942329036354117336,2-Br Apt near St. Peter's Hosp.,491607190,Abba,,FOURTEENTH WARD,42.65801,-73.80049,Entire home/apt,136,1,3,2023-10-01,0.55,6,0,3,
942355055662538072,1-BR w/ Private Balcony near St. Peter's Hospital,491607190,Abba,,FOURTEENTH WARD,42.657984040044035,-73.80128215056936,Private room,105,1,1,2023-08-07,0.16,6,12,1,
942750363293463100,The spacious room w/ dresser/desk,116935236,Fs,,ELEVENTH WARD,42.67033901962889,-73.78509801171585,Private room,50,2,1,2024-01-14,0.94,4,253,1,
943344283913343832,A G3M near Mansion 3Story Brick House Sleeps 20PPL,39656001,Urbangem,,SECOND WARD,42.642978050189676,-73.75701914464297,Entire home/apt,,1,0,,,6,364,0,
943359292008970578,A Luxury Experience Near Gov Mansion Sleeps 18+PPL,39656001,Urbangem,,SECOND WARD,42.64424112276753,-73.75675302182465,Entire home/apt,,2,0,,,6,364,0,
950211425725610511,"Historic, Spacious Mansion Suite",1717342,David,,SIXTH WARD,42.6541815,-73.76086049999999,Entire home/apt,127,1,50,2024-02-13,8.33,2,0,50,
950613505102507073,A beautiful cozy home,529844022,Shirin,,FIRST WARD,42.63855425549474,-73.76927029173929,Entire home/apt,,1,0,,,1,0,0,
956423465030072969,Comfy 1-Br Near Washington Park,491607190,Abba,,TENTH WARD,42.66000843071908,-73.77397295619353,Entire home/apt,,1,8,2023-11-01,1.33,6,0,8,
957914480227791276,"2 bedroom+home office, private parking & backyard",217254883,Ermenita,,NINTH WARD,42.6549886,-73.79390939999999,Entire home/apt,133,1,34,2024-02-12,5.67,1,334,34,
958199983873241221,Oasis Garden Apt w/Queen Bed,172539578,David Yisrael,,FIFTEENTH WARD,42.678962799458816,-73.81724461913109,Entire home/apt,118,3,1,2023-11-24,0.36,3,80,1,
961998123616790842,1-Br Apt Near NYS Capitol,491607190,Abba,,SIXTH WARD,42.655862861204575,-73.76206230663061,Entire home/apt,,1,3,2024-01-01,0.83,6,0,3,
963920695464462572,Comfy studio in heart of Albany,189586864,Justin,,SIXTH WARD,42.65240863051438,-73.77002141071337,Entire home/apt,89,1,14,2024-02-04,2.47,1,357,14,
966287799980701967,"Modern 2-bed apt / Hospitals, SUNY, State Office",374765317,Tanjin,,FIFTEENTH WARD,42.67059398561849,-73.81678288145305,Entire home/apt,98,3,4,2024-01-06,0.84,1,82,4,
971129128316810875,Morning Zen,535042691,Chadell,,THIRD WARD,42.65679550669701,-73.75335661522755,Entire home/apt,108,1,12,2023-12-25,2.59,1,0,12,
977732791678350126,Luxury Condo - Balcony - Jacuzzi,440217250,James,,THIRD WARD,42.65393539999999,-73.7513252,Entire home/apt,,180,0,,,1,293,0,
980034348801186320,Chic Madison Parkview,241123402,JShing,,SIXTH WARD,42.65312775001394,-73.76950465142727,Entire home/apt,125,1,3,2023-11-12,0.72,1,0,3,
980413726629488708,Intimate and Cozy Family House,536994984,Deanna,,SEVENTH WARD,42.652463321813265,-73.77498766972566,Entire home/apt,,1,0,,,1,269,0,
983306819910081094,The House That Pat Built,114183978,Tyrell,,FIFTH WARD,42.66627900500492,-73.76511947562057,Entire home/apt,120,2,1,2023-10-22,0.26,1,157,1,
983307301778877403,The Rizzy Stay,426223840,Antonio,,ELEVENTH WARD,42.66391565517209,-73.77786945551634,Entire home/apt,110,1,13,2024-01-24,2.69,2,244,13,
989010058281318863,Modern 1BR in a great location,75667477,Ahmad,,SIXTH WARD,42.65411,-73.76129,Entire home/apt,85,30,2,2023-11-07,0.44,1,80,2,
989897095065962672,Minutes from hospitals and Universities,109133858,Priscilla,,THIRTEENTH WARD,42.671599252081194,-73.79798656710622,Entire home/apt,218,1,0,,,1,265,0,
990935487146379699,Garden level apartment | Center Sq-great location!,93905065,Grace,,SIXTH WARD,42.652599240074956,-73.761780139996,Entire home/apt,87,1,2,2024-02-11,2,1,149,2,
992119832780871644,Two bedroom close to colleges!,152762198,Allen,,FOURTEENTH WARD,42.6709773627501,-73.80695225761066,Entire home/apt,99,3,4,2023-12-03,0.92,8,154,4,
992554549672159765,"Beautiful large home, private parking",476189412,Timothy,,SEVENTH WARD,42.64485687096462,-73.77281881169621,Entire home/apt,199,2,1,2024-02-09,1,2,56,1,
993431459821117738,Albany 3 Bedroom Apt. Sleeps 6,309980121,Ron,,SIXTH WARD,42.65623,-73.7641152,Entire home/apt,111,2,7,2024-01-26,1.69,1,0,7,
999161887055542119,"Spacious Apartment Downtown Albany, NY",531209536,Amar,,THIRD WARD,42.65761589542138,-73.75115885472674,Entire home/apt,150,30,7,2024-01-21,1.75,1,318,7,
1004978540001566331,Elegant Albany Retreat | Mins to Downtwn & St Rose,31318080,Cindy,,EIGHTH WARD,42.655497775508394,-73.8106566601018,Entire home/apt,196,2,0,,,1,153,0,
1005314747552182329,Lil' Studio on Washington Park,462767507,Joshua,,SIXTH WARD,42.65483900711961,-73.7674333870007,Entire home/apt,70,1,5,2023-12-29,1.29,4,346,5,
1005978346817864540,4BD/2BA 2-Story Townhouse Apt Downtown Albany,44434571,Earl,,SECOND WARD,42.64534889999999,-73.75364650000002,Entire home/apt,186,1,9,2024-02-05,2.48,6,338,9,
1007354086435981132,Top floor w/off street parking,232967878,Diana,,TENTH WARD,42.661365504548,-73.78482319521697,Entire home/apt,189,1,7,2023-12-31,2.06,19,268,7,
1010759793485911351,Cozy room walkable to eateries,382970529,Thomas,,THIRTEENTH WARD,42.67002775509383,-73.7977054151877,Private room,55,2,13,2024-01-22,3.75,10,261,13,
1010759799610182054,Cozy Room in Spacious Manor,382970529,Thomas,,THIRTEENTH WARD,42.6697096084112,-73.797549986088,Private room,55,1,12,2023-12-30,3.53,10,261,12,
1013659440189111738,Cozy Room Walkable to Eateries and Theatre,382970529,Thomas,,FOURTEENTH WARD,42.66873116573401,-73.79930289371134,Private room,56,1,13,2024-01-15,3.86,10,182,13,
1014871544925070480,Mini Mansion,509662927,Sergio,,EIGHTH WARD,42.645494388571485,-73.83282736350908,Entire home/apt,346,1,16,2024-02-11,5.05,1,299,16,
1015385216942267174,Á∫ΩÁ∫¶Â∑ûÈ¶ñÂ∫úÁöÑÊ∏©È¶®Â∞èÂ±ã,182509542,Yan,,NINTH WARD,42.6558992,-73.7965699,Private room,,1,0,,,1,78,0,
1016050146219474145,Heart of Albany - Downtown Near Everything,42708277,Rodney,,SIXTH WARD,42.65538680270734,-73.76416369206528,Entire home/apt,96,1,3,2023-12-28,0.88,2,311,3,
1018295677909928470,Sunny Room w/ Walk-In Closet,382970529,Thomas,,FOURTEENTH WARD,42.66792031298625,-73.79895760671212,Private room,66,1,15,2024-01-28,5.06,10,248,15,
1018299533220989494,Cozy room on bus line and walkable to everything!,382970529,Thomas,,THIRTEENTH WARD,42.66996089870569,-73.7981565369516,Private room,55,1,11,2024-02-05,3.47,10,266,11,
1018972187574908115,1 Comfy Bedroom Across the Park,37769478,Erion,,SIXTH WARD,42.6535,-73.77046,Entire home/apt,78,1,8,2024-02-02,2.73,8,363,8,
1020518500251473070,Downtown Studio,233515764,Etem,,SECOND WARD,42.64713879857583,-73.7546608201248,Entire home/apt,61,1,6,2024-02-09,2.57,1,0,6,
1020993107237604444,*N E W* Spacious Prime DT 1 Bedroom Apt w Office,47625981,Linda,,THIRD WARD,42.65859808957202,-73.76420635863742,Entire home/apt,120,1,1,2023-11-26,0.37,15,253,1,
1021011347006185640,*N E W* Modern 1 Bedroom RARE Apt w office space,47625981,Linda,,THIRD WARD,42.65970700274541,-73.76382104785372,Entire home/apt,119,1,3,2024-01-01,1.22,15,261,3,
1021559064135374208,Angani Place - Your Tranquil Retreat,426253886,Aggie,,SECOND WARD,42.64655138980193,-73.7597240543698,Entire home/apt,82,1,3,2024-01-13,1.88,3,252,3,
1023053182224590019,Great home in Albany,496990578,Brian,,ELEVENTH WARD,42.66838,-73.77868,Entire home/apt,99,2,9,2024-02-09,3.65,1,0,9,
1027525160219619647,home away from home,539608284,Joyhefsiba,,THIRD WARD,42.6605704874867,-73.76370206661538,Private room,45,1,0,,,2,269,0,
1028530521404077289,The Emerald Escape | Two Bed Apartment,462767507,Joshua,,SIXTH WARD,42.65487397780481,-73.76519868723663,Entire home/apt,103,3,5,2024-02-09,1.81,4,327,5,
1031769383031951534,Apartment near downtown Albany,542010451,Sophia,,THIRD WARD,42.65863677268644,-73.75184060852648,Entire home/apt,76,30,0,,,1,87,0,
1034722814589239236,"*Huge, bright, private 2Bedroom*",130404008,Michael,,THIRD WARD,42.65710530235223,-73.75132909012916,Entire home/apt,86,21,0,,,1,89,0,
1034818819017081948,"House w/ fish pond, gardens, sunroom and foosball",392833833,Mary,,TWELFTH WARD,42.6759553661711,-73.79260844002489,Entire home/apt,135,2,1,2023-12-09,0.44,1,248,1,
1040121861433023182,Good Vibes Only,519143007,Philip,,ELEVENTH WARD,42.6736802909505,-73.78413107868002,Entire home/apt,69,1,8,2024-02-11,4.07,1,77,8,
1040624808363695229,Safe - Sweet -Serene - Long Term,42708277,Rodney,,SIXTH WARD,42.65446887973431,-73.76077862456057,Entire home/apt,97,1,5,2024-01-31,3.33,2,220,5,
1041185569146627476,"Great Value!  6 Beds!  W/D, & Parking!",65282034,Archer,,TENTH WARD,42.66106893179246,-73.78973060044702,Entire home/apt,107,1,6,2024-02-07,2.90,1,255,6,
1043565517982254841,2 bed room Apartment,212885959,Osas,,SECOND WARD,42.639757084309245,-73.75705214104126,Entire home/apt,90,1,0,,,1,259,0,
1043698525924990350,Charming 1920s house sleeps 6-7,30218591,Rebecca,,FIFTEENTH WARD,42.6743202040481,-73.8155518362697,Entire home/apt,1750,2,0,,,1,60,0,
1045540313134380198,Private room in downtown Albany,480004905,Ramiz,,ELEVENTH WARD,42.661442815090325,-73.77351291441055,Private room,70,1,1,2024-02-11,1,2,269,1,
1051544181986274174,Renovated Cozy 1920‚Äôs Apartment,31994990,G.G.,,SEVENTH WARD,42.64478210549991,-73.7763956817521,Entire home/apt,53,15,0,,,2,127,0,
1052381112116173923,Charming Bungalow in Albany!,52464523,Dashima,,FIRST WARD,42.640812878490195,-73.7746275334913,Entire home/apt,70,30,1,2024-01-02,0.68,1,131,1,
1055481757202000214,Garden View Ground Apartment,28987572,Bryce,,SIXTH WARD,42.65098734769702,-73.76307767802679,Entire home/apt,77,2,0,,,1,76,0,
1056068682616336229,two private bedrooms near hospitals & schools,20536619,Emily,,THIRTEENTH WARD,42.671403853726794,-73.79431183637729,Private room,85,4,0,,,3,147,0,
1056469473906808728,"Bonjour, Bienvenue A Chez Pierre",553112010,Linda,,TWELFTH WARD,42.71489625673386,-73.87648858665645,Private room,103,2,0,,,1,268,0,
1057932481605319073,Apt,217818949,Nickolas,,FOURTH WARD,42.66311590202129,-73.7381032862318,Shared room,105,1,0,,,1,268,0,
1062527013885315764,private twin room prime location,20536619,Emily,,THIRTEENTH WARD,42.67096068386967,-73.79513938040748,Private room,52,6,2,2024-02-10,2,3,89,2,
1065321595350010741,nice home away from home,539608284,Joyhefsiba,,THIRD WARD,42.66092849580498,-73.76382128880334,Private room,53,1,0,,,2,269,0,
1072781767409521866,The Bluebird‚Äôs Nest,426223840,Antonio,,ELEVENTH WARD,42.663915656143736,-73.77786945551634,Entire home/apt,117,1,0,,,2,0,0,
1073179963201889958,In the heart of Albany,31994990,G.G.,,SEVENTH WARD,42.644728764618286,-73.77641182984108,Entire home/apt,53,30,0,,,2,271,0,
1074653929117126641,Room available,480004905,Ramiz,,ELEVENTH WARD,42.66282671665506,-73.77437066245602,Private room,60,1,0,,,2,269,0,
1075444056381274297,The Tangerine Door,542733174,Rebecca,,TWELFTH WARD,42.67908161690146,-73.79504903417528,Entire home/apt,110,2,1,2024-02-04,1,1,241,1,
1079742757364810916,Lark St Oasis: Parking & Laundry,119340359,Lori,,SIXTH WARD,42.65607073634355,-73.76345323405465,Entire home/apt,98,28,0,,,2,267,0,
